DATE,CURRENT YEAR HIGH,CURRENT YEAR LOW,PREVIOUS YEAR DIVIDENDS,CURRENT YEAR DIVIDENDS,VOLUME,TODAY'S HIGH,TODAY'S LOW,LAST TRADED PRICE,CLOSING PRICE
2016-01-06,0.0,0.0,,,0,0.0,0.0,0.0,2.5
2016-01-07,3.07,3.0,,,257952,3.07,3.0,3.04,3.05
2016-01-08,3.6,3.0,,,69981,3.6,3.6,3.6,3.6
2016-01-11,4.16,3.0,,,70994,4.16,4.05,4.15,4.12
2016-01-12,5.35,3.0,,,22396,5.35,5.35,5.35,5.35
2016-01-13,6.0,3.0,,,385034,6.0,5.33,5.49,5.69
2016-01-14,6.0,3.0,,,280595,5.75,5.01,5.01,5.46
2016-01-15,6.0,3.0,,,100261,5.01,4.95,4.95,5.0
2016-01-18,6.0,4.65,,,20388,4.99,4.65,4.8,4.77
2016-01-19,6.0,4.65,,,60583,4.95,4.7,4.9,4.84
2016-01-20,6.0,4.65,,,129821,4.9,4.7,4.7,4.84
2016-01-21,6.0,4.65,,,27964,4.7,4.7,4.7,4.7
2016-01-22,6.0,4.65,,,27096,4.9,4.7,4.9,4.86
2016-01-25,6.0,4.65,,,0,0.0,0.0,4.9,4.86
2016-01-26,6.0,4.65,,,93105,5.0,4.8,4.98,4.87
2016-01-27,6.0,4.65,,,92161,4.98,4.7,4.7,4.73
2016-01-28,6.0,4.65,,,18908,4.75,4.7,4.7,4.74
2016-01-29,6.0,4.6,,,17996,4.75,4.6,4.75,4.68
2016-02-01,6.0,4.6,,,8388,4.75,4.75,4.75,4.75
2016-02-02,6.0,4.6,,,2050,4.75,4.75,4.75,4.75
2016-02-03,6.0,4.6,,,9500,4.75,4.7,4.7,4.72
2016-02-04,6.0,4.6,,,12000,4.75,4.65,4.65,4.71
2016-02-05,6.0,4.6,,,15000,4.75,4.75,4.75,4.75
2016-02-08,6.0,4.6,,,37187,4.75,4.61,4.61,4.71
2016-02-09,6.0,4.6,,,228954,4.7,4.6,4.6,4.6
2016-02-11,6.0,4.6,,,5447,4.7,4.7,4.7,4.7
2016-02-12,6.0,4.6,,,100000,4.74,4.6,4.6,4.6
2016-02-15,6.0,4.6,,,21300,4.9,4.75,4.9,4.9
2016-02-16,6.0,4.6,,,20000,4.9,4.9,4.9,4.9
2016-02-17,6.0,4.6,,,9807,4.98,4.85,4.85,4.93
2016-02-18,6.0,4.6,,,8996,4.85,4.85,4.85,4.85
2016-02-19,6.0,4.6,,,22000,5.0,4.97,5.0,4.99
2016-02-22,6.0,4.51,,,44897,5.0,4.51,4.51,4.65
2016-02-23,6.0,4.51,,,0,0.0,0.0,4.51,4.65
2016-02-24,6.0,4.51,,,0,0.0,0.0,4.51,4.65
2016-02-25,6.0,4.51,,,0,0.0,0.0,4.51,4.65
2016-02-26,6.0,4.51,,,33593,4.85,4.6,4.85,4.67
2016-02-29,6.0,4.51,,,0,0.0,0.0,4.85,4.67
2016-03-01,6.0,4.51,,,200,4.67,4.67,4.67,4.67
2016-03-02,6.0,4.51,,,12538,4.67,4.61,4.61,4.66
2016-03-03,6.0,4.51,,,24601,4.61,4.51,4.51,4.58
2016-03-04,6.0,4.5,,,26387,4.51,4.5,4.5,4.51
2016-03-07,6.0,4.5,,,45012,4.52,4.5,4.5,4.5
2016-03-08,6.0,4.25,,,10971,4.5,4.25,4.25,4.33
2016-03-09,6.0,4.25,,,22574,4.45,4.25,4.25,4.27
2016-03-10,6.0,4.25,,,7510,4.25,4.25,4.25,4.25
2016-03-11,6.0,4.25,,,0,0.0,0.0,4.25,4.25
2016-03-14,6.0,4.2,,,105000,4.5,4.2,4.5,4.41
2016-03-15,6.0,4.2,,,13000,4.5,4.5,4.5,4.5
2016-03-16,6.0,4.2,,,1007,4.25,4.25,4.25,4.25
2016-03-17,6.0,4.2,,,8656,4.35,4.2,4.2,4.27
2016-03-18,6.0,4.2,,,0,0.0,0.0,4.2,4.27
2016-03-21,6.0,4.2,,,0,0.0,0.0,4.2,4.27
2016-03-22,6.0,4.2,,,2000,4.3,4.3,4.3,4.3
2016-03-23,6.0,4.2,,,0,0.0,0.0,4.3,4.3
2016-03-24,6.0,4.2,,,139942,4.29,4.25,4.25,4.26
2016-03-29,6.0,4.2,,,2500,4.3,4.26,4.3,4.3
2016-03-30,6.0,4.2,,,1000,4.48,4.48,4.48,4.48
2016-03-31,6.0,4.2,,,0,0.0,0.0,4.48,4.48
2016-04-01,6.0,4.0,,,17500,4.01,4.0,4.0,4.0
2016-04-04,6.0,4.0,,,5300,4.3,4.3,4.3,4.3
2016-04-05,6.0,4.0,,,2500,4.3,4.3,4.3,4.3
2016-04-06,6.0,4.0,,,0,0.0,0.0,4.3,4.3
2016-04-07,6.0,4.0,,,0,0.0,0.0,4.3,4.3
2016-04-08,6.0,4.0,,,19740,4.01,4.0,4.0,4.0
2016-04-11,6.0,4.0,,,0,0.0,0.0,4.0,4.0
2016-04-12,6.0,4.0,,,2000,4.22,4.22,4.22,4.22
2016-04-13,6.0,4.0,,,0,0.0,0.0,4.22,4.22
2016-04-14,6.0,4.0,,,10271,4.22,4.08,4.08,4.19
2016-04-15,6.0,4.0,,,37729,4.08,4.05,4.05,4.07
2016-04-18,6.0,4.0,,,2910,4.1,4.1,4.1,4.1
2016-04-19,6.0,4.0,,,1155,4.12,4.12,4.12,4.12
2016-04-20,6.0,4.0,,,5744,4.15,4.12,4.15,4.15
2016-04-21,6.0,4.0,,,9829,4.17,4.17,4.17,4.17
2016-04-22,6.0,4.0,,,47415,4.18,4.17,4.18,4.17
2016-04-25,6.0,4.0,,,29200,4.18,4.18,4.18,4.18
2016-04-26,6.0,4.0,,,27965,4.15,4.15,4.15,4.15
2016-04-27,6.0,4.0,,,0,0.0,0.0,4.15,4.15
2016-04-28,6.0,4.0,,,2162,4.18,4.18,4.18,4.18
2016-04-29,6.0,4.0,,,500,4.45,4.45,4.45,4.45
2016-05-02,6.0,4.0,,,8688,4.45,4.15,4.15,4.25
2016-05-03,6.0,4.0,,,0,0.0,0.0,4.15,4.25
2016-05-04,6.0,4.0,,,0,0.0,0.0,4.15,4.25
2016-05-05,6.0,4.0,,,7800,4.45,4.45,4.45,4.45
2016-05-06,6.0,4.0,,,225,4.45,4.45,4.45,4.45
2016-05-09,6.0,4.0,,,22376,4.31,4.25,4.25,4.27
2016-05-10,6.0,4.0,,,0,0.0,0.0,4.25,4.27
2016-05-11,6.0,4.0,,,120980,4.5,4.35,4.5,4.48
2016-05-12,6.0,4.0,,,6399,4.5,4.4,4.5,4.47
2016-05-13,6.0,4.0,,,1470,4.5,4.5,4.5,4.5
2016-05-16,6.0,4.0,,,0,0.0,0.0,4.5,4.5
2016-05-17,6.0,4.0,,,20000,4.5,4.4,4.5,4.49
2016-05-18,6.0,4.0,,,170,4.5,4.5,4.5,4.5
2016-05-19,6.0,4.0,,,129000,4.5,4.5,4.5,4.5
2016-05-20,6.0,4.0,,,0,0.0,0.0,4.5,4.5
2016-05-24,6.0,4.0,,,37750,4.5,4.5,4.5,4.5
2016-05-25,6.0,4.0,,,8203,4.3,4.3,4.3,4.3
2016-05-26,6.0,4.0,,,6821,4.3,4.3,4.3,4.3
2016-05-27,6.0,4.0,,,12500,4.5,4.5,4.5,4.5
2016-05-30,6.0,4.0,,,45704,4.5,4.5,4.5,4.5
2016-05-31,6.0,4.0,,,15988,4.35,4.3,4.3,4.31
2016-06-01,6.0,4.0,,,0,0.0,0.0,4.3,4.31
2016-06-02,6.0,4.0,,,8537,4.51,4.3,4.3,4.3
2016-06-03,6.0,4.0,,,6472,4.3,4.25,4.3,4.28
2016-06-06,6.0,4.0,,,100,4.3,4.3,4.3,4.3
2016-06-07,6.0,4.0,,,10500,4.25,4.12,4.12,4.17
2016-06-08,6.0,4.0,,,28351,4.12,4.05,4.05,4.11
2016-06-09,6.0,4.0,,,52000,4.06,4.05,4.05,4.05
2016-06-10,6.0,4.0,,,0,0.0,0.0,4.05,4.05
2016-06-13,6.0,4.0,,,200,4.2,4.2,4.2,4.2
2016-06-14,6.0,4.0,,,2000,4.2,4.2,4.2,4.2
2016-06-15,6.0,4.0,,,0,0.0,0.0,4.2,4.2
2016-06-16,6.0,4.0,,,3000,4.2,4.06,4.06,4.08
2016-06-17,6.0,4.0,,,500,4.05,4.05,4.05,4.05
2016-06-20,6.0,4.0,,,92965,4.05,4.0,4.0,4.01
2016-06-21,6.0,4.0,,,10000,4.0,4.0,4.0,4.0
2016-06-22,6.0,4.0,,,3921,4.0,4.0,4.0,4.0
2016-06-23,6.0,4.0,,,25063,4.0,4.0,4.0,4.0
2016-06-24,6.0,4.0,,,0,0.0,0.0,4.0,4.0
2016-06-27,6.0,4.0,,,0,0.0,0.0,4.0,4.0
2016-06-28,6.0,4.0,,,0,0.0,0.0,4.0,4.0
2016-06-29,6.0,4.0,,,2100,4.0,4.0,4.0,4.0
2016-06-30,6.0,4.0,,,112,4.0,4.0,4.0,4.0
2016-07-01,6.0,4.0,,,746761,4.51,4.0,4.5,4.47
2016-07-04,6.0,4.0,,,0,0.0,0.0,4.5,4.47
2016-07-05,6.0,4.0,,,100,4.4,4.4,4.4,4.4
2016-07-06,6.0,4.0,,,0,0.0,0.0,4.4,4.4
2016-07-07,6.0,4.0,,,0,0.0,0.0,4.4,4.4
2016-07-08,6.0,4.0,,,831,4.0,4.0,4.0,4.0
2016-07-11,6.0,4.0,,,21405,4.0,4.0,4.0,4.0
2016-07-12,6.0,4.0,,,0,0.0,0.0,4.0,4.0
2016-07-13,6.0,4.0,,,0,0.0,0.0,4.0,4.0
2016-07-14,6.0,4.0,,,0,0.0,0.0,4.0,4.0
2016-07-15,6.0,4.0,,,0,0.0,0.0,4.0,4.0
2016-07-18,6.0,4.0,,,0,0.0,0.0,4.0,4.0
2016-07-19,6.0,4.0,,,0,0.0,0.0,4.0,4.0
2016-07-20,6.0,3.8,,,937,3.8,3.8,3.8,3.8
2016-07-21,6.0,3.8,,,9063,3.8,3.8,3.8,3.8
2016-07-22,6.0,3.8,,,1000,4.0,4.0,4.0,4.0
2016-07-25,6.0,3.8,,,0,0.0,0.0,4.0,4.0
2016-07-26,6.0,3.8,,,23544,4.0,4.0,4.0,4.0
2016-07-27,6.0,3.8,,,8456,4.0,4.0,4.0,4.0
2016-07-28,6.0,3.8,,,48502,4.0,4.0,4.0,4.0
2016-07-29,6.0,3.0,,,0,0.0,0.0,4.0,4.0
2016-08-02,6.0,3.0,,,0,0.0,0.0,4.0,4.0
2016-08-03,6.0,3.0,,,1900,3.75,3.75,3.75,3.75
2016-08-04,6.0,3.0,,,0,0.0,0.0,3.75,3.75
2016-08-05,6.0,3.0,,,0,0.0,0.0,3.75,3.75
2016-08-08,6.0,3.0,,,0,0.0,0.0,3.75,3.75
2016-08-09,6.0,3.0,,,0,0.0,0.0,3.75,3.75
2016-08-10,6.0,3.0,,,83354,4.75,4.4,4.75,4.65
2016-08-11,6.0,3.0,,,466472,5.0,4.5,4.5,4.97
2016-08-12,6.0,3.0,,,0,0.0,0.0,4.5,4.97
2016-08-15,6.0,3.0,,,400,4.5,4.5,4.5,4.5
2016-08-16,6.0,3.0,,,4489,4.5,3.85,3.85,4.26
2016-08-17,6.0,3.0,,,0,0.0,0.0,3.85,4.26
2016-08-18,6.0,3.0,,,0,0.0,0.0,3.85,4.26
2016-08-19,6.0,3.0,,,42965,4.7,4.0,4.0,4.24
2016-08-22,6.0,3.0,,,0,0.0,0.0,4.0,4.24
2016-08-23,6.0,3.0,,,507226,4.45,4.41,4.41,4.44
2016-08-24,6.0,3.0,,,235988,5.0,4.7,5.0,4.98
2016-08-25,6.0,3.0,,,0,0.0,0.0,5.0,4.98
2016-08-26,6.0,3.0,,,0,0.0,0.0,5.0,4.98
2016-08-29,6.0,3.0,,,26079,4.5,3.8,3.8,4.35
2016-08-30,6.0,3.0,,,0,0.0,0.0,3.8,4.35
2016-08-31,6.0,3.0,,,43509,4.5,4.5,4.5,4.5
2016-09-01,6.0,3.0,,,50000,4.5,4.5,4.5,4.5
2016-09-02,6.0,3.0,,,0,0.0,0.0,4.5,4.5
2016-09-05,6.0,3.0,,,0,0.0,0.0,4.5,4.5
2016-09-06,6.0,3.0,,,703333,5.0,4.99,5.0,5.0
2016-09-07,6.0,3.0,,,0,0.0,0.0,5.0,5.0
2016-09-08,6.0,3.0,,,8700,5.0,5.0,5.0,5.0
2016-09-09,6.0,3.0,,,1500,5.25,5.25,5.25,5.25
2016-09-12,6.0,3.0,,,26456,5.25,5.25,5.25,5.25
2016-09-13,6.0,3.0,,,18206,5.3,5.1,5.3,5.28
2016-09-14,6.0,3.0,,,84078,6.0,5.35,6.0,5.68
2016-09-15,6.0,3.0,,,0,0.0,0.0,6.0,5.68
2016-09-16,6.0,3.0,,,0,0.0,0.0,6.0,5.68
2016-09-19,6.0,3.0,,,0,0.0,0.0,6.0,5.68
2016-09-20,6.05,3.0,,,46953,6.05,6.0,6.0,6.03
2016-09-21,6.05,3.0,,,4867,6.0,5.8,6.0,5.93
2016-09-22,6.3,3.0,,,28870,6.3,6.0,6.0,6.01
2016-09-23,6.3,3.0,,,11273,6.3,5.8,5.8,5.92
2016-09-26,6.5,3.0,,,12528,6.5,5.92,6.5,5.95
2016-09-27,6.5,3.0,,0.0375,0,0.0,0.0,6.5,5.95
2016-09-28,6.5,3.0,,,5000,6.5,6.5,6.5,6.5
2016-09-29,6.5,3.0,,,0,0.0,0.0,6.5,6.5
2016-09-30,6.5,3.0,,,37984,5.95,5.3,5.3,5.57
2016-10-04,6.5,3.0,,,0,0.0,0.0,5.3,5.57
2016-10-05,6.5,3.0,,,8548,5.58,5.0,5.58,5.24
2016-10-06,6.5,3.0,,,0,0.0,0.0,5.58,5.24
2016-10-07,6.5,3.0,,,75955,5.0,5.0,5.0,5.0
2016-10-10,6.5,3.0,,,7300,5.24,4.85,4.85,5.06
2016-10-11,6.5,3.0,,,4031,5.05,5.05,5.05,5.05
2016-10-12,6.5,3.0,,,0,0.0,0.0,5.05,5.05
2016-10-13,6.5,3.0,,,0,0.0,0.0,5.05,5.05
2016-10-14,6.5,3.0,,,300,5.05,5.05,5.05,5.05
2016-10-18,6.5,3.0,,,275,5.0,5.0,5.0,5.0
2016-10-19,6.5,3.0,,,200,5.25,5.25,5.25,5.25
2016-10-20,6.5,3.0,,,12855,5.25,5.0,5.0,5.04
2016-10-21,6.5,3.0,,,0,0.0,0.0,5.0,5.04
2016-10-24,6.5,3.0,,,0,0.0,0.0,5.0,5.04
2016-10-25,6.5,3.0,,,0,0.0,0.0,5.0,5.04
2016-10-26,6.5,3.0,,,9420,5.0,5.0,5.0,5.0
2016-10-27,6.5,3.0,,,1000,5.0,4.95,4.95,4.98
2016-10-28,6.5,3.0,,,0,0.0,0.0,4.95,4.98
2016-10-31,6.5,3.0,,,4300,5.05,5.0,5.0,5.03
2016-11-01,6.5,3.0,,,0,0.0,0.0,5.0,5.03
2016-11-02,6.5,3.0,,,5850,5.05,5.05,5.05,5.05
2016-11-03,6.5,3.0,,,0,0.0,0.0,5.05,5.05
2016-11-04,6.5,3.0,,,0,0.0,0.0,5.05,5.05
2016-11-07,6.5,3.0,,,0,0.0,0.0,5.05,5.05
2016-11-08,6.5,3.0,,,0,0.0,0.0,5.05,5.05
2016-11-09,6.5,3.0,,,0,0.0,0.0,5.05,5.05
2016-11-10,6.5,3.0,,,0,0.0,0.0,5.05,5.05
2016-11-11,6.5,3.0,,,17900,5.12,5.12,5.12,5.12
2016-11-14,6.5,3.0,,,11000,5.8,5.75,5.8,5.8
2016-11-15,6.5,3.0,,,110428,5.1,5.05,5.1,5.1
2016-11-16,6.5,3.0,,,0,0.0,0.0,5.1,5.1
2016-11-17,6.5,3.0,,,0,0.0,0.0,5.1,5.1
2016-11-18,6.5,3.0,,,30000,5.75,5.75,5.75,5.75
2016-11-21,6.5,3.0,,,1450,5.2,5.2,5.2,5.2
2016-11-22,6.5,3.0,,,11996,5.75,5.75,5.75,5.75
2016-11-23,6.5,3.0,,,0,0.0,0.0,5.75,5.75
2016-11-24,6.5,3.0,,,0,0.0,0.0,5.75,5.75
2016-11-25,6.5,3.0,,,5698,5.1,5.0,5.0,5.01
2016-11-28,6.5,3.0,,,1500,5.5,5.5,5.5,5.5
2016-11-29,6.5,3.0,,,0,0.0,0.0,5.5,5.5
2016-11-30,6.5,3.0,,,5372,5.5,5.5,5.5,5.5
2016-12-01,6.5,3.0,,,8628,5.5,5.5,5.5,5.5
2016-12-02,6.5,3.0,,,0,0.0,0.0,5.5,5.5
2016-12-05,6.5,3.0,,,35654,5.5,5.5,5.5,5.5
2016-12-06,6.5,3.0,,,0,0.0,0.0,5.5,5.5
2016-12-07,6.5,3.0,,,3500,5.0,5.0,5.0,5.0
2016-12-08,6.5,3.0,,,0,0.0,0.0,5.0,5.0
2016-12-09,6.5,3.0,,,0,0.0,0.0,5.0,5.0
2016-12-12,6.5,3.0,,,0,0.0,0.0,5.0,5.0
2016-12-13,6.5,3.0,,,0,0.0,0.0,5.0,5.0
2016-12-14,6.5,3.0,,,0,0.0,0.0,5.0,5.0
2016-12-15,6.5,3.0,,,0,0.0,0.0,5.0,5.0
2016-12-16,6.5,3.0,,,0,0.0,0.0,5.0,5.0
2016-12-19,6.5,3.0,,,513,5.25,5.25,5.25,5.25
2016-12-20,6.5,3.0,,,0,0.0,0.0,5.25,5.25
2016-12-21,6.5,3.0,,,0,0.0,0.0,5.25,5.25
2016-12-22,6.5,3.0,,,0,0.0,0.0,5.25,5.25
2016-12-23,6.5,3.0,,,0,0.0,0.0,5.25,5.25
2016-12-28,6.5,3.0,,,1079,5.31,5.3,5.3,5.3
2016-12-29,6.5,3.0,,,0,0.0,0.0,5.3,5.3
2016-12-30,6.5,3.0,,,0,0.0,0.0,5.3,5.3
2017-01-03,6.5,3.0,0.0375,,20150,5.3,5.3,5.3,5.3
2017-01-04,6.5,3.0,0.0375,,0,0.0,0.0,5.3,5.3
2017-01-05,6.5,3.0,0.0375,,0,0.0,0.0,5.3,5.3
2017-01-06,6.5,3.0,0.0375,,0,0.0,0.0,5.3,5.3
2017-01-09,6.5,3.75,0.0375,,0,0.0,0.0,5.3,5.3
2017-01-10,6.5,3.75,0.0375,,4000,5.51,5.5,5.5,5.5
2017-01-11,6.5,3.75,0.0375,,0,0.0,0.0,5.5,5.5
2017-01-12,6.5,3.75,0.0375,,36904,5.9,5.6,5.9,5.8
2017-01-13,6.5,3.75,0.0375,,0,0.0,0.0,5.9,5.8
2017-01-16,6.5,3.75,0.0375,,180684,6.0,6.0,6.0,6.0
2017-01-17,6.5,3.75,0.0375,,190348,6.5,6.1,6.5,6.5
2017-01-18,6.5,3.75,0.0375,,850,6.5,6.5,6.5,6.5
2017-01-19,6.5,3.75,0.0375,,209302,6.5,6.5,6.5,6.5
2017-01-20,6.5,3.75,0.0375,,2000,6.5,6.5,6.5,6.5
2017-01-23,6.5,3.75,0.0375,,19996,6.5,6.01,6.01,6.5
2017-01-24,6.5,3.75,0.0375,,0,0.0,0.0,6.01,6.5
2017-01-25,6.5,3.75,0.0375,,0,0.0,0.0,6.01,6.5
2017-01-26,6.9,3.75,0.0375,,20000,6.9,6.9,6.9,6.9
2017-01-27,7.0,3.75,0.0375,,40936,7.0,6.9,6.9,6.92
2017-01-30,7.0,3.75,0.0375,,15948,6.9,6.9,6.9,6.9
2017-01-31,7.0,3.75,0.0375,,2200,6.8,6.6,6.6,6.74
2017-02-01,7.0,3.75,0.0375,,16010,6.9,6.8,6.9,6.83
2017-02-02,7.0,3.75,0.0375,,27800,6.85,6.85,6.85,6.85
2017-02-03,7.0,3.75,0.0375,,7599,6.9,6.9,6.9,6.9
2017-02-06,7.45,3.75,,,64339,7.45,6.9,7.45,7.07
2017-02-07,8.05,3.75,,,6850,8.05,8.04,8.05,8.04
2017-02-08,8.05,3.75,,,2012,8.05,8.05,8.05,8.05
2017-02-09,9.0,3.75,,,13901,9.0,8.05,9.0,8.73
2017-02-10,9.0,3.75,,,20300,9.0,7.0,7.0,8.24
2017-02-13,9.0,3.75,,,11607,8.5,7.05,7.1,7.23
2017-02-14,9.0,3.75,,,5136,8.5,8.0,8.5,8.0
2017-02-15,9.0,3.75,,,124855,8.5,7.0,8.0,7.35
2017-02-16,9.0,3.75,,,500,8.0,8.0,8.0,8.0
2017-02-17,9.0,3.75,,,35358,7.5,7.0,7.0,7.06
2017-02-20,9.0,3.75,,,513,7.9,7.9,7.9,7.9
2017-02-21,9.0,3.75,,,26131,7.8,7.2,7.2,7.61
2017-02-22,9.0,3.75,,,6152,7.61,7.61,7.61,7.61
2017-02-23,9.0,3.75,,,0,0.0,0.0,7.61,7.61
2017-02-24,9.0,3.75,,,2778,7.7,7.61,7.7,7.65
2017-02-27,9.0,3.75,,,19130,7.7,6.81,6.81,7.29
2017-02-28,9.0,3.75,,,1109,6.5,6.5,6.5,6.5
2017-03-02,9.0,3.75,,,0,0.0,0.0,0.0,6.5
2017-03-03,9.0,3.75,,,95774,7.0,6.7,6.7,6.73
2017-03-06,9.0,3.75,,,123939,6.5,6.5,6.5,6.5
2017-03-07,9.0,3.75,,,1025,7.28,7.28,7.28,7.28
2017-03-08,9.0,3.75,,,217230,8.0,6.6,6.6,6.64
2017-03-09,9.0,3.75,,,610,7.0,7.0,7.0,7.0
2017-03-10,9.0,3.75,,,15520,8.0,6.5,8.0,6.94
2017-03-13,9.0,3.75,,,44782,7.47,6.0,6.05,6.85
2017-03-14,9.0,3.75,,,1000,6.5,6.05,6.05,6.41
2017-03-15,9.0,3.75,,,0,0.0,0.0,0.0,6.41
2017-03-16,9.0,3.75,,,66102,6.51,6.51,6.51,6.51
2017-03-17,9.0,3.75,,,0,0.0,0.0,0.0,6.51
2017-03-20,9.0,3.75,,,0,0.0,0.0,0.0,6.51
2017-03-21,9.0,3.75,,,17912,7.0,7.0,7.0,7.0
2017-03-22,9.0,3.75,,,0,0.0,0.0,0.0,7.0
2017-03-23,9.0,3.75,,,2000,7.0,7.0,7.0,7.0
2017-03-24,9.0,3.75,,,120,7.01,7.01,7.01,7.01
2017-03-27,9.0,3.75,,,15000,7.1,6.75,6.75,7.01
2017-03-28,9.0,3.75,,,118000,7.01,6.27,6.27,6.71
2017-03-29,9.0,3.75,,,7000,7.0,6.27,6.27,6.57
2017-03-30,9.0,3.75,,,0,0.0,0.0,0.0,6.57
2017-03-31,9.0,3.75,,,1000,7.5,7.5,7.5,7.5
2017-04-03,9.0,3.75,,,2660,7.4,7.4,7.4,7.4
2017-04-04,9.0,3.75,,,22487,7.5,7.4,7.49,7.44
2017-04-05,9.0,3.75,,,10629,7.0,7.0,7.0,7.0
2017-04-06,9.0,3.75,,,0,0.0,0.0,0.0,7.0
2017-04-07,9.0,3.75,,,0,0.0,0.0,0.0,7.0
2017-04-10,9.0,3.75,,,1500,7.5,7.5,7.5,7.5
2017-04-11,9.0,3.75,,,0,0.0,0.0,0.0,7.5
2017-04-12,9.0,3.75,,,10000,7.15,7.15,7.15,7.15
2017-04-13,9.0,3.75,,,12489,7.0,7.0,7.0,7.0
2017-04-18,9.0,3.75,,,4300,7.5,7.2,7.2,7.36
2017-04-19,9.0,3.75,,,1800,7.5,7.5,7.5,7.5
2017-04-20,9.0,3.75,,,0,0.0,0.0,0.0,7.5
2017-04-21,9.0,3.75,,,10163,7.3,7.2,7.3,7.25
2017-04-24,9.0,3.75,,,2500,7.5,7.3,7.5,7.35
2017-04-25,9.0,3.75,,,0,0.0,0.0,0.0,7.35
2017-04-26,9.0,3.75,,,0,0.0,0.0,0.0,7.35
2017-04-27,9.0,3.75,,,0,0.0,0.0,0.0,7.35
2017-04-28,9.0,3.75,,,1000,7.45,7.45,7.45,7.45
2017-05-01,9.0,3.75,,,12622,7.45,7.1,7.1,7.24
2017-05-02,9.0,3.75,,,0,0.0,0.0,0.0,7.24
2017-05-03,9.0,3.75,,,4405,7.49,7.49,7.49,7.49
2017-05-04,9.0,3.75,,,11313,7.5,7.49,7.5,7.5
2017-05-05,9.0,3.75,,,91201,7.5,7.1,7.5,7.18
2017-05-08,9.0,3.75,,,2000,7.0,7.0,7.0,7.0
2017-05-09,9.0,3.75,,,3300,7.2,7.2,7.2,7.2
2017-05-10,9.0,3.75,,,19251,7.15,6.59,7.15,6.96
2017-05-11,9.0,3.75,,,0,0.0,0.0,0.0,6.96
2017-05-12,9.0,3.75,,,11600,7.1,7.0,7.0,7.05
2017-05-15,9.0,3.75,,,100,7.5,7.5,7.5,7.5
2017-05-16,9.0,3.75,,,40300,7.5,7.15,7.5,7.41
2017-05-17,9.0,3.75,,,0,0.0,0.0,7.5,7.41
2017-05-18,9.0,3.75,,,9573,7.5,7.45,7.45,7.48
2017-05-19,9.0,3.75,,,96500,7.5,7.4,7.5,7.46
2017-05-22,9.0,3.75,,,9454,7.5,7.5,7.5,7.5
2017-05-24,9.0,3.75,,,4730,7.5,6.8,7.5,7.12
2017-05-25,9.0,3.75,,,14538,7.5,7.5,7.5,7.5
2017-05-26,9.0,3.75,,,385646,7.5,7.5,7.5,7.5
2017-05-29,9.0,3.75,,,108877,7.5,7.5,7.5,7.5
2017-05-30,9.0,3.75,,,8700,7.5,7.2,7.5,7.29
2017-05-31,9.0,3.75,,,3665,7.5,7.5,7.5,7.5
2017-06-01,9.0,3.75,,,126334,7.5,7.5,7.5,7.5
2017-06-02,9.0,3.75,,,100000,7.6,7.5,7.51,7.5
2017-06-05,9.0,3.75,,,216,8.0,8.0,8.0,8.0
2017-06-06,9.0,3.75,,,5000,7.6,7.6,7.6,7.6
2017-06-07,9.0,3.75,,,12309,8.0,7.7,7.7,7.75
2017-06-08,9.0,3.75,,,260000,7.75,7.5,7.51,7.57
2017-06-09,9.0,3.75,,,500,7.75,7.75,7.75,7.75
2017-06-12,9.0,3.75,,,267,7.9,7.9,7.9,7.9
2017-06-13,9.0,3.75,,,49733,7.9,7.9,7.9,7.9
2017-06-14,9.0,3.75,,,17745,8.0,7.9,7.9,7.96
2017-06-15,9.0,3.75,,,24255,8.3,8.0,8.3,8.06
2017-06-16,9.0,3.75,,,5823,8.55,8.3,8.55,8.34
2017-06-19,9.0,3.75,,,0,0.0,0.0,8.55,8.34
2017-06-20,9.0,3.75,,,3713,9.0,9.0,9.0,9.0
2017-06-21,9.0,3.75,,,24910,9.0,8.0,8.0,8.45
2017-06-22,9.0,3.75,,,2000,8.0,8.0,8.0,8.0
2017-06-23,9.0,3.75,,,227,8.0,8.0,8.0,8.0
2017-06-26,9.0,3.75,,,8000,7.96,7.9,7.9,7.92
2017-06-27,9.0,3.75,,,5331,8.0,8.0,8.0,8.0
2017-06-28,9.0,3.75,,,8300,8.0,8.0,8.0,8.0
2017-06-29,9.0,3.75,,,8119,8.0,7.8,8.0,7.95
2017-06-30,9.0,3.75,,,5770,7.8,7.8,7.8,7.8
2017-07-03,9.0,3.75,,,2623,8.0,7.8,7.8,7.85
2017-07-04,9.0,3.75,,,0,0.0,0.0,7.8,7.85
2017-07-05,9.0,3.75,,,374621,8.6,8.5,8.51,8.51
2017-07-06,9.5,3.75,,,3000,9.5,9.0,9.5,9.25
2017-07-07,9.5,3.75,,,0,0.0,0.0,9.5,9.25
2017-07-10,9.5,3.75,,,8126,9.0,8.5,8.5,8.73
2017-07-11,10.0,3.75,,,463,10.0,10.0,10.0,10.0
2017-07-12,10.0,3.75,,,1500,10.0,10.0,10.0,10.0
2017-07-13,10.0,3.75,,,0,0.0,0.0,10.0,10.0
2017-07-14,10.0,3.75,,,41354,10.0,10.0,10.0,10.0
2017-07-17,10.0,3.75,,,2425,10.0,8.0,8.0,9.59
2017-07-18,10.0,3.75,,,17148,10.0,9.99,10.0,10.0
2017-07-19,10.0,3.75,,,300,10.0,10.0,10.0,10.0
2017-07-20,10.0,3.75,,,1813,10.0,10.0,10.0,10.0
2017-07-21,10.0,3.75,,,0,0.0,0.0,10.0,10.0
2017-07-24,10.0,3.75,,,33400,10.0,9.0,9.6,9.26
2017-07-25,10.0,3.75,,,4699,10.0,9.5,9.5,9.53
2017-07-26,10.0,3.75,,,0,0.0,0.0,9.5,9.53
2017-07-27,10.0,3.75,,,1226,9.6,9.5,9.6,9.58
2017-07-28,10.0,3.75,,,6500,9.61,9.6,9.6,9.6
2017-07-31,10.0,3.75,,,7866,9.0,9.0,9.0,9.0
2017-08-02,10.0,3.75,,,5762,9.5,8.5,8.5,8.7
2017-08-03,10.0,3.75,,,26000,8.7,8.0,8.0,8.01
2017-08-04,10.0,3.75,,,0,0.0,0.0,8.0,8.01
2017-08-08,10.0,3.8,,,6500,9.5,8.0,9.5,9.15
2017-08-09,10.0,3.8,,,0,0.0,0.0,9.5,9.15
2017-08-10,10.0,3.8,,,0,0.0,0.0,9.5,9.15
2017-08-11,10.0,3.8,,,20513,8.1,8.05,8.05,8.07
2017-08-14,10.0,3.8,,,39730,8.07,7.8,7.8,7.88
2017-08-15,10.0,3.8,,,6000,7.88,6.8,6.8,7.35
2017-08-16,10.0,3.8,,,500,7.0,7.0,7.0,7.0
2017-08-17,10.0,3.8,,,14584,7.5,7.0,7.0,7.1
2017-08-18,10.0,3.8,,,207242,8.07,6.9,6.9,7.89
2017-08-21,10.0,3.8,,,6000,7.5,6.0,6.0,7.44
2017-08-22,10.0,3.8,,,190000,7.44,7.44,7.44,7.44
2017-08-23,10.0,3.8,,,5200,7.44,6.5,6.5,7.04
2017-08-24,10.0,3.8,,,13400,8.0,6.5,8.0,7.54
2017-08-25,10.0,3.8,,,11299,7.0,7.0,7.0,7.0
2017-08-28,10.0,3.8,,,7000,6.7,6.05,6.05,6.48
2017-08-29,10.0,3.8,,,0,0.0,0.0,6.05,6.48
2017-08-30,10.0,3.8,,,16378,6.55,6.48,6.55,6.51
2017-08-31,10.0,3.8,,,42632,6.51,6.05,6.51,6.4
2017-09-01,10.0,3.8,,,0,0.0,0.0,6.51,6.4
2017-09-04,10.0,4.85,,,4500,6.5,6.05,6.05,6.4
2017-09-05,10.0,4.85,,,300,6.5,6.5,6.5,6.5
2017-09-06,10.0,4.85,,0.0400,5192,7.25,7.0,7.0,7.24
2017-09-07,10.0,4.85,,0.0400,11808,7.25,7.25,7.25,7.25
2017-09-08,10.0,4.85,,0.0400,6655,7.0,7.0,7.0,7.0
2017-09-11,10.0,4.85,,0.0400,0,0.0,0.0,7.0,7.0
2017-09-12,10.0,4.85,,0.0400,3811,7.6,7.6,7.6,7.6
2017-09-13,10.0,4.85,,0.0400,0,0.0,0.0,7.6,7.6
2017-09-14,10.0,4.85,,0.0400,0,0.0,0.0,7.6,7.6
2017-09-15,10.0,4.85,,0.0400,20000,7.2,6.5,6.5,6.91
2017-09-18,10.0,4.85,,0.0400,400,7.55,7.55,7.55,7.55
2017-09-19,10.0,4.85,,0.0400,0,0.0,0.0,7.55,7.55
2017-09-20,10.0,4.85,,0.0400,258,7.55,7.55,7.55,7.55
2017-09-21,10.0,4.85,,0.0400,5100,7.55,7.55,7.55,7.55
2017-09-22,10.0,4.85,,0.0400,0,0.0,0.0,7.55,7.55
2017-09-25,10.0,4.85,,0.0400,20000,7.55,7.54,7.55,7.55
2017-09-26,10.0,4.85,,0.0400,18935,7.6,7.55,7.6,7.59
2017-09-27,10.0,4.85,,0.0400,46799,7.59,7.55,7.59,7.58
2017-09-28,10.0,4.85,,0.0400,361,7.55,7.55,7.55,7.55
2017-09-29,10.0,4.85,,0.0400,200,7.05,7.05,7.05,7.05
2017-10-02,10.0,4.85,,0.0400,88098,7.05,7.0,7.0,7.0
2017-10-03,10.0,4.85,,0.0400,0,0.0,0.0,7.0,7.0
2017-10-04,10.0,4.85,,0.0400,0,0.0,0.0,7.0,7.0
2017-10-05,10.0,4.85,,0.0400,0,0.0,0.0,7.0,7.0
2017-10-06,10.0,4.85,,0.0400,0,0.0,0.0,7.0,7.0
2017-10-09,10.0,4.85,,0.0400,0,0.0,0.0,7.0,7.0
2017-10-10,10.0,4.85,,0.0400,0,0.0,0.0,7.0,7.0
2017-10-11,10.0,4.85,,0.0400,174928,7.0,6.0,7.0,6.04
2017-10-12,10.0,4.85,,0.0400,0,0.0,0.0,7.0,6.04
2017-10-13,10.0,4.85,,0.0400,50000,6.99,6.99,6.99,6.99
2017-10-17,10.0,4.95,,0.0400,21000,7.0,6.99,7.0,7.0
2017-10-18,10.0,4.95,,0.0400,14031,7.05,6.99,7.05,7.02
2017-10-19,10.0,4.95,,0.0400,0,0.0,0.0,7.05,7.02
2017-10-20,10.0,4.95,,0.0400,18000,7.05,7.05,7.05,7.05
2017-10-23,10.0,4.95,,0.0400,2565,7.05,7.05,7.05,7.05
2017-10-24,10.0,4.95,,0.0400,0,0.0,0.0,7.05,7.05
2017-10-25,10.0,4.95,,0.0400,9320,7.57,7.55,7.55,7.55
2017-10-26,10.0,4.95,,0.0400,394052,7.6,7.55,7.6,7.55
2017-10-27,10.0,4.95,,0.0400,0,0.0,0.0,7.6,7.55
2017-10-30,10.0,5.0,,0.0400,10536,7.5,7.05,7.5,7.07
2017-10-31,10.0,5.0,,0.0400,14751,7.5,7.05,7.05,7.09
2017-11-01,10.0,5.0,,0.0400,1100,7.09,7.09,7.09,7.09
2017-11-02,10.0,5.0,,0.0400,0,0.0,0.0,7.09,7.09
2017-11-03,10.0,5.0,,0.0400,0,0.0,0.0,7.09,7.09
2017-11-06,10.0,5.0,,0.0400,100,7.09,7.09,7.09,7.09
2017-11-07,10.0,5.0,,0.0400,8261,7.4,7.4,7.4,7.4
2017-11-08,10.0,5.0,,0.0400,5000,7.4,7.4,7.4,7.4
2017-11-09,10.0,5.0,,0.0400,0,0.0,0.0,7.4,7.4
2017-11-10,10.0,5.0,,0.0400,0,0.0,0.0,7.4,7.4
2017-11-13,10.0,5.0,,0.0400,1905,7.07,7.07,7.07,7.07
2017-11-14,10.0,5.0,,0.0400,1640,7.0,7.0,7.0,7.0
2017-11-15,10.0,5.0,,0.0400,0,0.0,0.0,7.0,7.0
2017-11-16,10.0,5.0,,0.0400,1057,6.5,6.5,6.5,6.5
2017-11-17,10.0,5.0,,0.0400,1443,6.5,6.5,6.5,6.5
2017-11-20,10.0,5.0,,0.0400,12173,7.0,7.0,7.0,7.0
2017-11-21,10.0,5.0,,0.0400,33112,7.0,7.0,7.0,7.0
2017-11-22,10.0,5.0,,0.0400,0,0.0,0.0,7.0,7.0
2017-11-23,10.0,5.0,,0.0400,0,0.0,0.0,7.0,7.0
2017-11-24,10.0,5.0,,0.0400,252,6.99,6.99,6.99,6.99
2017-11-27,10.0,5.0,,0.0400,0,0.0,0.0,6.99,6.99
2017-11-28,10.0,5.0,,0.0400,1500,7.0,7.0,7.0,7.0
2017-11-29,10.0,5.0,,0.0400,0,0.0,0.0,7.0,7.0
2017-11-30,10.0,5.0,,0.0400,0,0.0,0.0,7.0,7.0
2017-12-01,10.0,5.0,,0.0400,0,0.0,0.0,7.0,7.0
2017-12-04,10.0,5.0,,0.0400,5000,6.0,6.0,6.0,6.0
2017-12-05,10.0,5.0,,0.0400,3500,6.0,5.5,5.5,5.64
2017-12-06,10.0,5.0,,0.0400,0,0.0,0.0,5.5,5.64
2017-12-07,10.0,5.0,,0.0400,27919,6.5,5.6,6.0,5.98
2017-12-08,10.0,5.0,,0.0400,10000,5.5,5.5,5.5,5.5
2017-12-11,10.0,5.25,,0.0400,0,0.0,0.0,5.5,5.5
2017-12-12,10.0,5.25,,0.0400,5000,5.5,5.5,5.5,5.5
2017-12-13,10.0,5.25,,0.0400,0,0.0,0.0,5.5,5.5
2017-12-14,10.0,5.25,,0.0400,16050,5.5,5.35,5.5,5.36
2017-12-15,10.0,5.25,,0.0400,0,0.0,0.0,5.5,5.36
2017-12-18,10.0,5.25,,0.0400,1390,5.36,5.36,5.36,5.36
2017-12-19,10.0,5.18,,0.0400,3283,5.18,5.18,5.18,5.18
2017-12-20,10.0,5.18,,0.0400,0,0.0,0.0,5.18,5.18
2017-12-21,10.0,5.18,,0.0400,86765,5.2,5.18,5.18,5.18
2017-12-22,10.0,5.18,,0.0400,2451,5.4,5.4,5.4,5.4
2017-12-27,10.0,5.18,,0.0400,160087,7.0,6.5,7.0,6.89
2017-12-28,10.0,5.18,,0.0400,0,0.0,0.0,7.0,6.89
2017-12-29,10.0,5.18,,0.0400,9800,6.89,6.89,6.89,6.89
2018-01-02,10.0,5.18,0.0400,,0,0.0,0.0,6.89,6.89
2018-01-03,10.0,5.18,0.0400,,6000,6.5,6.5,6.5,6.5
2018-01-04,10.0,5.18,0.0400,,0,0.0,0.0,6.5,6.5
2018-01-05,10.0,5.18,0.0400,,0,0.0,0.0,6.5,6.5
2018-01-08,10.0,5.18,0.0400,,10200,6.6,6.6,6.6,6.6
2018-01-09,10.0,5.18,0.0400,,1478,6.5,6.5,6.5,6.5
2018-01-10,10.0,5.18,0.0400,,5177,6.5,6.0,6.5,6.36
2018-01-11,10.0,5.18,0.0400,,21000,6.4,6.0,6.0,6.38
2018-01-12,10.0,5.18,0.0400,,0,0.0,0.0,6.0,6.38
2018-01-15,10.0,5.18,0.0400,,1000,6.38,6.38,6.38,6.38
2018-01-16,10.0,5.18,0.0400,,17984,6.38,6.38,6.38,6.38
2018-01-17,10.0,5.18,0.0400,,0,0.0,0.0,6.38,6.38
2018-01-18,10.0,5.18,0.0400,,0,0.0,0.0,6.38,6.38
2018-01-19,10.0,5.18,0.0400,,4300,6.38,6.38,6.38,6.38
2018-01-22,10.0,5.18,0.0400,,7562,6.38,6.0,6.0,6.16
2018-01-23,10.0,5.18,0.0400,,0,0.0,0.0,6.0,6.16
2018-01-24,10.0,5.18,0.0400,,0,0.0,0.0,6.0,6.16
2018-01-25,10.0,5.18,0.0400,,0,0.0,0.0,6.0,6.16
2018-01-26,10.0,5.18,0.0400,,0,0.0,0.0,6.0,6.16
2018-01-29,10.0,5.18,0.0400,,0,0.0,0.0,6.0,6.16
2018-01-30,10.0,5.18,0.0400,,0,0.0,0.0,6.0,6.16
2018-01-31,10.0,5.18,0.0400,,917,5.95,5.95,5.95,5.95
2018-02-01,10.0,5.18,0.0400,,7500,6.0,5.95,6.0,6.0
2018-02-02,10.0,5.18,0.0400,,0,0.0,0.0,6.0,6.0
2018-02-05,10.0,5.18,0.0400,,0,0.0,0.0,6.0,6.0
2018-02-06,10.0,5.18,0.0400,,0,0.0,0.0,6.0,6.0
2018-02-07,10.0,5.18,0.0400,,25500,5.5,5.4,5.4,5.5
2018-02-08,10.0,5.18,0.0400,,0,0.0,0.0,5.4,5.5
2018-02-09,10.0,5.18,0.0400,,5000,5.4,5.4,5.4,5.4
2018-02-12,10.0,5.18,0.0400,,6500,6.0,5.99,6.0,6.0
2018-02-13,10.0,5.18,0.0400,,28965,6.0,5.41,6.0,5.43
2018-02-15,10.0,5.18,0.0400,,289,5.6,5.6,5.6,5.6
2018-02-16,10.0,5.18,0.0400,,0,0.0,0.0,5.6,5.6
2018-02-19,10.0,5.18,0.0400,,0,0.0,0.0,5.6,5.6
2018-02-20,10.0,5.0,0.0400,,38448,5.46,5.0,5.0,5.42
2018-02-21,10.0,5.0,0.0400,,11507,5.4,5.4,5.4,5.4
2018-02-22,10.0,5.0,0.0400,,49362,5.3,5.0,5.0,5.0
2018-02-23,10.0,5.0,0.0400,,185179,5.4,5.0,5.4,5.32
2018-02-26,10.0,5.0,0.0400,,2832,5.0,5.0,5.0,5.0
2018-02-27,10.0,5.0,0.0400,,7465,5.45,5.0,5.45,5.27
2018-02-28,10.0,5.0,0.0400,,13695,6.0,6.0,6.0,6.0
2018-03-01,10.0,5.0,0.0400,,18507,5.5,5.0,5.0,5.44
2018-03-02,10.0,5.0,0.0400,,1542,6.0,6.0,6.0,6.0
2018-03-05,10.0,5.0,0.0400,,0,0.0,0.0,6.0,6.0
2018-03-06,10.0,5.0,0.0400,,0,0.0,0.0,6.0,6.0
2018-03-07,10.0,5.0,0.0400,,50494,6.0,6.0,6.0,6.0
2018-03-08,10.0,5.0,0.0400,,15970,6.4,5.55,5.55,5.89
2018-03-09,10.0,5.0,0.0400,,3250,5.55,5.0,5.0,5.27
2018-03-12,10.0,5.0,0.0400,,0,0.0,0.0,5.0,5.27
2018-03-13,10.0,5.0,0.0400,,6700,5.2,5.15,5.2,5.2
2018-03-14,10.0,5.0,0.0400,,0,0.0,0.0,5.2,5.2
2018-03-15,10.0,5.0,0.0400,,0,0.0,0.0,5.2,5.2
2018-03-16,10.0,5.0,0.0400,,667,5.2,5.2,5.2,5.2
2018-03-19,10.0,5.0,0.0400,,15248,5.24,5.0,5.0,5.06
2018-03-20,10.0,5.0,0.0400,,0,0.0,0.0,5.0,5.06
2018-03-21,10.0,5.0,0.0400,,500,6.0,6.0,6.0,6.0
2018-03-22,10.0,5.0,0.0400,,0,0.0,0.0,6.0,6.0
2018-03-23,10.0,5.0,0.0400,,100,5.15,5.15,5.15,5.15
2018-03-26,10.0,5.0,0.0400,,0,0.0,0.0,5.15,5.15
2018-03-27,10.0,5.0,0.0400,,0,0.0,0.0,5.15,5.15

